,0
0,01E392EE-69F9-4E33-BFCE-E5C968654078.jpeg
1,03BF7561-A9BA-4C3C-B8A0-D3E585F73F3C.jpeg
2,1-s2.0-S0140673620303706-fx1_lrg.jpg
3,1-s2.0-S0929664620300449-gr2_lrg-a.jpg
4,1-s2.0-S0929664620300449-gr2_lrg-b.jpg
5,1-s2.0-S0929664620300449-gr2_lrg-c.jpg
6,1-s2.0-S0929664620300449-gr2_lrg-d.jpg
7,1-s2.0-S1684118220300608-main.pdf-001.jpg
8,1-s2.0-S1684118220300608-main.pdf-002.jpg
9,1-s2.0-S1684118220300682-main.pdf-002-a1.png
10,1-s2.0-S1684118220300682-main.pdf-002-a2.png
11,1-s2.0-S1684118220300682-main.pdf-003-b1.png
12,1-s2.0-S1684118220300682-main.pdf-003-b2.png
13,1.CXRCTThoraximagesofCOVID-19fromSingapore.pdf-000-fig1a.png
14,1.CXRCTThoraximagesofCOVID-19fromSingapore.pdf-000-fig1b.png
15,1.CXRCTThoraximagesofCOVID-19fromSingapore.pdf-001-fig2a.png
16,1.CXRCTThoraximagesofCOVID-19fromSingapore.pdf-001-fig2b.png
17,1.CXRCTThoraximagesofCOVID-19fromSingapore.pdf-002-fig3a.png
18,1.CXRCTThoraximagesofCOVID-19fromSingapore.pdf-002-fig3b.png
19,1.CXRCTThoraximagesofCOVID-19fromSingapore.pdf-003-fig4a.png
20,1.CXRCTThoraximagesofCOVID-19fromSingapore.pdf-003-fig4b.png
21,1312A392-67A3-4EBF-9319-810CF6DA5EF6.jpeg
22,171CB377-62FF-4B76-906C-F3787A01CB2E.jpeg
23,1B734A89-A1BF-49A8-A1D3-66FAFA4FAC5D.jpeg
24,1F6343EE-AFEC-4B7D-97F5-62797EE18767.jpeg
25,23E99E2E-447C-46E5-8EB2-D35D12473C39.png
26,2966893D-5DDF-4B68-9E2B-4979D5956C8E.jpeg
27,2B8649B2-00C4-4233-85D5-1CE240CF233B.jpeg
28,2C10A413-AABE-4807-8CCE-6A2025594067.jpeg
29,2C26F453-AF3B-4517-BB9E-802CF2179543.jpeg
30,31BA3780-2323-493F-8AED-62081B9C383B.jpeg
31,353889E0-A1E8-4F9E-A0B8-F24F36BCFBFB.jpeg
32,39EE8E69-5801-48DE-B6E3-BE7D1BCF3092.jpeg
33,41591_2020_819_Fig1_HTML.webp-day10.png
34,41591_2020_819_Fig1_HTML.webp-day5.png
35,446B2CB6-B572-40AB-B01F-1910CA07086A.jpeg
36,53EC07C9-5CC6-4BE4-9B6F-D7B0D72AAA7E.jpeg
37,58cb9263f16e94305c730685358e4e_jumbo.jpeg
38,5931B64A-7B97-485D-BE60-3F1EA76BC4F0.jpeg
39,5A78BCA9-5B7A-440D-8A4E-AE7710EA6EAD.jpeg
40,5CBC2E94-D358-401E-8928-965CCD965C5C.jpeg
41,5e6dd879fde9502400e58b2f.jpeg
42,6b44464d-73a7-4cf3-bbb6-ffe7168300e3.annot.original.jpeg
43,6C94A287-C059-46A0-8600-AFB95F4727B7.jpeg
44,6CB4EFC6-68FA-4CD5-940C-BEFA8DAFE9A7.jpeg
45,7AF6C1AF-D249-4BD2-8C26-449304105D03.jpeg
46,7C69C012-7479-493F-8722-ABC29C60A2DD.jpeg
47,7D2CF6CE-F529-4470-8356-D33FFAF98600.jpeg
48,7E335538-2F86-424E-A0AB-6397783A38D0.jpeg
49,7EF28E12-F628-4BEC-A8C5-E6277C2E4F60.png
50,80446565-E090-4187-A031-9D3CEAA586C8.jpeg
51,85E52EB3-56E9-4D67-82DA-DEA247C82886.jpeg
52,8FDE8DBA-CFBD-4B4C-B1A4-6F36A93B7E87.jpeg
53,93FE0BB1-022D-4F24-9727-987A07975FFB.jpeg
54,9C34AF49-E589-44D5-92D3-168B3B04E4A6.jpeg
55,9fdd3c3032296fd04d2cad5d9070d4_jumbo.jpeg
56,all14238-fig-0001-m-b.jpg
57,all14238-fig-0001-m-c.jpg
58,all14238-fig-0002-m-d.jpg
59,all14238-fig-0002-m-e.jpg
60,all14238-fig-0002-m-f.jpg
61,auntminnie-a-2020_01_28_23_51_6665_2020_01_28_Vietnam_coronavirus.jpeg
62,auntminnie-b-2020_01_28_23_51_6665_2020_01_28_Vietnam_coronavirus.jpeg
63,auntminnie-c-2020_01_28_23_51_6665_2020_01_28_Vietnam_coronavirus.jpeg
64,auntminnie-d-2020_01_28_23_51_6665_2020_01_28_Vietnam_coronavirus.jpeg
65,B2D20576-00B7-4519-A415-72DE29C90C34.jpeg
66,B59DD164-51D5-40DF-A926-6A42DD52EBE8.jpeg
67,C6EA0BE5-B01E-4113-B194-18D956675E25.jpeg
68,CD50BA96-6982-4C80-AE7B-5F67ACDBFA56.jpeg
69,ciaa199.pdf-001-a.png
70,ciaa199.pdf-001-b.png
71,ciaa199.pdf-001-c.png
72,covid-19-infection-exclusive-gastrointestinal-symptoms-pa.png
73,covid-19-pneumonia-12.jpg
74,covid-19-pneumonia-14-PA.png
75,covid-19-pneumonia-15-PA.jpg
76,covid-19-pneumonia-19.jpg
77,covid-19-pneumonia-2.jpg
78,covid-19-pneumonia-24-day12.jpg
79,covid-19-pneumonia-24-day6.jpg
80,covid-19-pneumonia-24-day7.jpg
81,covid-19-pneumonia-28.png
82,covid-19-pneumonia-30-PA.jpg
83,covid-19-pneumonia-7-PA.jpg
84,covid-19-pneumonia-evolution-over-a-week-1-day0-PA.jpg
85,covid-19-pneumonia-evolution-over-a-week-1-day3.jpg
86,covid-19-pneumonia-evolution-over-a-week-1-day4.jpg
87,covid-19-pneumonia-rapidly-progressive-12-hours.jpg
88,covid-19-pneumonia-rapidly-progressive-3-days.jpg
89,covid-19-pneumonia-rapidly-progressive-admission.jpg
90,covid-19-rapidly-progressive-acute-respiratory-distress-syndrome-ards-admission.jpg
91,covid-19-rapidly-progressive-acute-respiratory-distress-syndrome-ards-day-1.jpg
92,covid-19-rapidly-progressive-acute-respiratory-distress-syndrome-ards-day-2.jpg
93,D7AF463C-2369-492D-908D-BE1911CCD74C.jpeg
94,E1724330-1866-4581-8CD8-CEC9B8AFEDDE.jpeg
95,E63574A7-4188-4C8D-8D17-9D67A18A1AFA.jpeg
96,F2DE909F-E19C-4900-92F5-8F435B031AC6.jpeg
97,F4341CE7-73C9-45C6-99C8-8567A5484B63.jpeg
98,F63AB6CE-1968-4154-A70F-913AF154F53D.jpeg
99,FE9F9A5D-2830-46F9-851B-1FF4534959BE.jpeg
100,figure1-5e71be566aa8714a04de3386-98-left.jpeg
101,figure1-5e73d7ae897e27ff066a30cb-98.jpeg
102,figure1-5e75d0940b71e1b702629659-98-right.jpeg
103,jkms-35-e79-g001-l-a.jpg
104,jkms-35-e79-g001-l-b.jpg
105,jkms-35-e79-g001-l-c.jpg
106,kjr-21-e24-g001-l-a.jpg
107,kjr-21-e24-g002-l-a.jpg
108,kjr-21-e24-g003-l-a.jpg
109,kjr-21-e25-g001-l-a.jpg
110,lancet-case2a.jpg
111,lancet-case2b.jpg
112,nCoV-radiol.2020200269.fig1-day7.jpeg
113,nejmc2001573_f1a.jpeg
114,nejmc2001573_f1b.jpeg
115,nejmoa2001191_f1-PA.jpeg
116,nejmoa2001191_f3-PA.jpeg
117,nejmoa2001191_f4.jpeg
118,nejmoa2001191_f5-PA.jpeg
119,radiol.2020200490.fig3.jpeg
120,ryct.2020200028.fig1a.jpeg
121,ryct.2020200034.fig2.jpeg
122,ryct.2020200034.fig5-day0.jpeg
123,ryct.2020200034.fig5-day4.jpeg
124,ryct.2020200034.fig5-day7.jpeg
